{"created_at":"Tue May 02 05:06:53 +0000 2017","id":859272964457586688,"id_str":"859272964457586688","text":"@ssinghal2312 Thanks, area traffic staff has been informed.","display_text_range":[14,59],"source":"\u003ca href=\"http:\/\/twitter.com\" rel=\"nofollow\"\u003eTwitter Web Client\u003c\/a\u003e","truncated":false,"in_reply_to_status_id":859272633396998144,"in_reply_to_status_id_str":"859272633396998144","in_reply_to_user_id":150313185,"in_reply_to_user_id_str":"150313185","in_reply_to_screen_name":"ssinghal2312","user":{"id":143766231,"id_str":"143766231","name":"Delhi Traffic Police","screen_name":"dtptraffic","location":"India, Delhi","url":"http:\/\/www.delhitrafficpolice.nic.in","description":"24x7 Control Room : +91-11-25844444,1095","protected":false,"verified":true,"followers_count":891176,"friends_count":3,"listed_count":335,"favourites_count":689,"statuses_count":71250,"created_at":"Fri May 14 10:06:44 +0000 2010","utc_offset":19800,"time_zone":"New Delhi","geo_enabled":false,"lang":"en","contributors_enabled":false,"is_translator":false,"profile_background_color":"000000","profile_background_image_url":"http:\/\/abs.twimg.com\/images\/themes\/theme18\/bg.gif","profile_background_image_url_https":"https:\/\/abs.twimg.com\/images\/themes\/theme18\/bg.gif","profile_background_tile":false,"profile_link_color":"4A913C","profile_sidebar_border_color":"000000","profile_sidebar_fill_color":"000000","profile_text_color":"000000","profile_use_background_image":false,"profile_image_url":"http:\/\/pbs.twimg.com\/profile_images\/1231599477\/DTP-Logo_normal.jpg","profile_image_url_https":"https:\/\/pbs.twimg.com\/profile_images\/1231599477\/DTP-Logo_normal.jpg","profile_banner_url":"https:\/\/pbs.twimg.com\/profile_banners\/143766231\/1485947588","default_profile":false,"default_profile_image":false,"following":null,"follow_request_sent":null,"notifications":null},"geo":null,"coordinates":null,"place":null,"contributors":null,"is_quote_status":false,"retweet_count":0,"favorite_count":0,"entities":{"hashtags":[],"urls":[],"user_mentions":[{"screen_name":"ssinghal2312","name":"SANJEEV  SINGHAL","id":150313185,"id_str":"150313185","indices":[0,13]}],"symbols":[]},"favorited":false,"retweeted":false,"filter_level":"low","lang":"en","timestamp_ms":"1493701613903"}

{"created_at":"Tue May 02 05:06:54 +0000 2017","id":859272966659387392,"id_str":"859272966659387392","text":"RT @Realpaigeclay: When did the Bay Area population grow to be so big that every freeway I choose got shitty traffic.","source":"\u003ca href=\"http:\/\/twitter.com\/download\/iphone\" rel=\"nofollow\"\u003eTwitter for iPhone\u003c\/a\u003e","truncated":false,"in_reply_to_status_id":null,"in_reply_to_status_id_str":null,"in_reply_to_user_id":null,"in_reply_to_user_id_str":null,"in_reply_to_screen_name":null,"user":{"id":48583466,"id_str":"48583466","name":"luna venus\u0970\u0971\u2727\u02d6\u00b0\u2661","screen_name":"justinakarma","location":"instagram - justinakarma ","url":"http:\/\/justina-karma.tumblr.com\/","description":"I was born a gun, but I'll die a rose\ud83c\udf39\ud83e\udd40","protected":false,"verified":false,"followers_count":855,"friends_count":905,"listed_count":17,"favourites_count":114848,"statuses_count":186105,"created_at":"Fri Jun 19 02:39:33 +0000 2009","utc_offset":-25200,"time_zone":"Pacific Time (US & Canada)","geo_enabled":true,"lang":"en","contributors_enabled":false,"is_translator":false,"profile_background_color":"131516","profile_background_image_url":"http:\/\/pbs.twimg.com\/profile_background_images\/378800000166803899\/KKzjkdIg.jpeg","profile_background_image_url_https":"https:\/\/pbs.twimg.com\/profile_background_images\/378800000166803899\/KKzjkdIg.jpeg","profile_background_tile":true,"profile_link_color":"985CC9","profile_sidebar_border_color":"FFFFFF","profile_sidebar_fill_color":"EFEFEF","profile_text_color":"333333","profile_use_background_image":true,"profile_image_url":"http:\/\/pbs.twimg.com\/profile_images\/844304668184465410\/eCCt-hVi_normal.jpg","profile_image_url_https":"https:\/\/pbs.twimg.com\/profile_images\/844304668184465410\/eCCt-hVi_normal.jpg","profile_banner_url":"https:\/\/pbs.twimg.com\/profile_banners\/48583466\/1490132895","default_profile":false,"default_profile_image":false,"following":null,"follow_request_sent":null,"notifications":null},"geo":null,"coordinates":null,"place":null,"contributors":null,"retweeted_status":{"created_at":"Mon May 01 14:49:42 +0000 2017","id":859057244905717760,"id_str":"859057244905717760","text":"When did the Bay Area population grow to be so big that every freeway I choose got shitty traffic.","source":"\u003ca href=\"http:\/\/twitter.com\/download\/iphone\" rel=\"nofollow\"\u003eTwitter for iPhone\u003c\/a\u003e","truncated":false,"in_reply_to_status_id":null,"in_reply_to_status_id_str":null,"in_reply_to_user_id":null,"in_reply_to_user_id_str":null,"in_reply_to_screen_name":null,"user":{"id":2869770660,"id_str":"2869770660","name":"Paige Clay","screen_name":"Realpaigeclay","location":"Bay Area","url":null,"description":"IG:Realpaigeclay","protected":false,"verified":false,"followers_count":227,"friends_count":101,"listed_count":4,"favourites_count":2501,"statuses_count":3616,"created_at":"Wed Oct 22 00:40:59 +0000 2014","utc_offset":-25200,"time_zone":"Tijuana","geo_enabled":true,"lang":"en","contributors_enabled":false,"is_translator":false,"profile_background_color":"000000","profile_background_image_url":"http:\/\/abs.twimg.com\/images\/themes\/theme1\/bg.png","profile_background_image_url_https":"https:\/\/abs.twimg.com\/images\/themes\/theme1\/bg.png","profile_background_tile":false,"profile_link_color":"91D2FA","profile_sidebar_border_color":"000000","profile_sidebar_fill_color":"000000","profile_text_color":"000000","profile_use_background_image":false,"profile_image_url":"http:\/\/pbs.twimg.com\/profile_images\/524722850402271232\/Ak71oIvC_normal.jpeg","profile_image_url_https":"https:\/\/pbs.twimg.com\/profile_images\/524722850402271232\/Ak71oIvC_normal.jpeg","profile_banner_url":"https:\/\/pbs.twimg.com\/profile_banners\/2869770660\/1476209752","default_profile":false,"default_profile_image":false,"following":null,"follow_request_sent":null,"notifications":null},"geo":null,"coordinates":null,"place":null,"contributors":null,"is_quote_status":false,"retweet_count":42,"favorite_count":96,"entities":{"hashtags":[],"urls":[],"user_mentions":[],"symbols":[]},"favorited":false,"retweeted":false,"filter_level":"low","lang":"en"},"is_quote_status":false,"retweet_count":0,"favorite_count":0,"entities":{"hashtags":[],"urls":[],"user_mentions":[{"screen_name":"Realpaigeclay","name":"Paige Clay","id":2869770660,"id_str":"2869770660","indices":[3,17]}],"symbols":[]},"favorited":false,"retweeted":false,"filter_level":"low","lang":"en","timestamp_ms":"1493701614428"}

{"created_at":"Tue May 02 05:06:55 +0000 2017","id":859272971218800640,"id_str":"859272971218800640","text":"RT @PortlandPolice: Multiple fires reported in Downtown Portland, theft of traffic control devices. Everyone will be subject to arrest. #Ma\u2026","source":"\u003ca href=\"http:\/\/twitter.com\" rel=\"nofollow\"\u003eTwitter Web Client\u003c\/a\u003e","truncated":false,"in_reply_to_status_id":null,"in_reply_to_status_id_str":null,"in_reply_to_user_id":null,"in_reply_to_user_id_str":null,"in_reply_to_screen_name":null,"user":{"id":715555366029955072,"id_str":"715555366029955072","name":"CristinaWithoutAnH \u0646","screen_name":"cristheescapist","location":null,"url":null,"description":"*insert label here cause individualism doesn't exist in this reality*","protected":false,"verified":false,"followers_count":88,"friends_count":229,"listed_count":1,"favourites_count":7274,"statuses_count":583,"created_at":"Thu Mar 31 15:04:28 +0000 2016","utc_offset":null,"time_zone":null,"geo_enabled":false,"lang":"ro","contributors_enabled":false,"is_translator":false,"profile_background_color":"000000","profile_background_image_url":"http:\/\/abs.twimg.com\/images\/themes\/theme1\/bg.png","profile_background_image_url_https":"https:\/\/abs.twimg.com\/images\/themes\/theme1\/bg.png","profile_background_tile":false,"profile_link_color":"1B95E0","profile_sidebar_border_color":"000000","profile_sidebar_fill_color":"000000","profile_text_color":"000000","profile_use_background_image":false,"profile_image_url":"http:\/\/pbs.twimg.com\/profile_images\/833646693056921601\/3uZP1HYh_normal.jpg","profile_image_url_https":"https:\/\/pbs.twimg.com\/profile_images\/833646693056921601\/3uZP1HYh_normal.jpg","profile_banner_url":"https:\/\/pbs.twimg.com\/profile_banners\/715555366029955072\/1459438270","default_profile":false,"default_profile_image":false,"following":null,"follow_request_sent":null,"notifications":null},"geo":null,"coordinates":null,"place":null,"contributors":null,"retweeted_status":{"created_at":"Tue May 02 00:08:34 +0000 2017","id":859197890446598144,"id_str":"859197890446598144","text":"Multiple fires reported in Downtown Portland, theft of traffic control devices. Everyone will be subject to arrest. #MayDayPDX","source":"\u003ca href=\"http:\/\/twitter.com\" rel=\"nofollow\"\u003eTwitter Web Client\u003c\/a\u003e","truncated":false,"in_reply_to_status_id":859197201041379328,"in_reply_to_status_id_str":"859197201041379328","in_reply_to_user_id":14604442,"in_reply_to_user_id_str":"14604442","in_reply_to_screen_name":"PortlandPolice","user":{"id":14604442,"id_str":"14604442","name":"Portland Police","screen_name":"PortlandPolice","location":"Portland, Oregon","url":"http:\/\/www.portlandpolice.com","description":"Sworn to Protect. Dedicated to Serve. Portland, Oregon, USA. Call or Text 911 for Emergencies \/ 503-823-3333 for Non-Emergencies.","protected":false,"verified":true,"followers_count":141084,"friends_count":408,"listed_count":1371,"favourites_count":645,"statuses_count":13584,"created_at":"Wed Apr 30 19:13:50 +0000 2008","utc_offset":-25200,"time_zone":"Pacific Time (US & Canada)","geo_enabled":true,"lang":"en","contributors_enabled":false,"is_translator":false,"profile_background_color":"003571","profile_background_image_url":"http:\/\/pbs.twimg.com\/profile_background_images\/378800000111487027\/a6cbdac3098d07cbf8e3365c730e67e5.jpeg","profile_background_image_url_https":"https:\/\/pbs.twimg.com\/profile_background_images\/378800000111487027\/a6cbdac3098d07cbf8e3365c730e67e5.jpeg","profile_background_tile":false,"profile_link_color":"003571","profile_sidebar_border_color":"FFFFFF","profile_sidebar_fill_color":"ECEDEA","profile_text_color":"3C2626","profile_use_background_image":true,"profile_image_url":"http:\/\/pbs.twimg.com\/profile_images\/816300368288043008\/yi6ZffZO_normal.jpg","profile_image_url_https":"https:\/\/pbs.twimg.com\/profile_images\/816300368288043008\/yi6ZffZO_normal.jpg","profile_banner_url":"https:\/\/pbs.twimg.com\/profile_banners\/14604442\/1493220562","default_profile":false,"default_profile_image":false,"following":null,"follow_request_sent":null,"notifications":null},"geo":null,"coordinates":null,"place":null,"contributors":null,"is_quote_status":false,"retweet_count":276,"favorite_count":188,"entities":{"hashtags":[{"text":"MayDayPDX","indices":[116,126]}],"urls":[],"user_mentions":[],"symbols":[]},"favorited":false,"retweeted":false,"filter_level":"low","lang":"en"},"is_quote_status":false,"retweet_count":0,"favorite_count":0,"entities":{"hashtags":[],"urls":[],"user_mentions":[{"screen_name":"PortlandPolice","name":"Portland Police","id":14604442,"id_str":"14604442","indices":[3,18]}],"symbols":[]},"favorited":false,"retweeted":false,"filter_level":"low","lang":"en","timestamp_ms":"1493701615515"}

{"created_at":"Tue May 02 05:06:56 +0000 2017","id":859272974507159552,"id_str":"859272974507159552","text":"Wichita puts out traffic cones for fun","source":"\u003ca href=\"http:\/\/twitter.com\/download\/android\" rel=\"nofollow\"\u003eTwitter for Android\u003c\/a\u003e","truncated":false,"in_reply_to_status_id":null,"in_reply_to_status_id_str":null,"in_reply_to_user_id":null,"in_reply_to_user_id_str":null,"in_reply_to_screen_name":null,"user":{"id":341209662,"id_str":"341209662","name":"Sheree Molina","screen_name":"molina_sheree","location":"Wichita, KS","url":null,"description":"Butler \u26bd \u27a1 Newman \u26bd \n043014 & FOE \ud83d\udc9c\ud83d\udc99","protected":false,"verified":false,"followers_count":724,"friends_count":616,"listed_count":0,"favourites_count":4283,"statuses_count":9295,"created_at":"Sun Jul 24 00:27:43 +0000 2011","utc_offset":null,"time_zone":null,"geo_enabled":true,"lang":"en","contributors_enabled":false,"is_translator":false,"profile_background_color":"9AE4E8","profile_background_image_url":"http:\/\/abs.twimg.com\/images\/themes\/theme16\/bg.gif","profile_background_image_url_https":"https:\/\/abs.twimg.com\/images\/themes\/theme16\/bg.gif","profile_background_tile":false,"profile_link_color":"0084B4","profile_sidebar_border_color":"BDDCAD","profile_sidebar_fill_color":"DDFFCC","profile_text_color":"333333","profile_use_background_image":true,"profile_image_url":"http:\/\/pbs.twimg.com\/profile_images\/855495224612859905\/uWTbFxOa_normal.jpg","profile_image_url_https":"https:\/\/pbs.twimg.com\/profile_images\/855495224612859905\/uWTbFxOa_normal.jpg","profile_banner_url":"https:\/\/pbs.twimg.com\/profile_banners\/341209662\/1492393494","default_profile":false,"default_profile_image":false,"following":null,"follow_request_sent":null,"notifications":null},"geo":null,"coordinates":null,"place":null,"contributors":null,"is_quote_status":false,"retweet_count":0,"favorite_count":0,"entities":{"hashtags":[],"urls":[],"user_mentions":[],"symbols":[]},"favorited":false,"retweeted":false,"filter_level":"low","lang":"en","timestamp_ms":"1493701616299"}

{"created_at":"Tue May 02 05:06:57 +0000 2017","id":859272980932599808,"id_str":"859272980932599808","text":"wasn't funny 5 hours ago @MakenaCleland https:\/\/t.co\/AXEDKK2Jds","display_text_range":[0,39],"source":"\u003ca href=\"http:\/\/twitter.com\/download\/iphone\" rel=\"nofollow\"\u003eTwitter for iPhone\u003c\/a\u003e","truncated":false,"in_reply_to_status_id":null,"in_reply_to_status_id_str":null,"in_reply_to_user_id":null,"in_reply_to_user_id_str":null,"in_reply_to_screen_name":null,"user":{"id":1475718416,"id_str":"1475718416","name":"liv mills","screen_name":"olivviamills","location":"Huntington Beach, CA \u2022 PHX, AZ","url":null,"description":"grand canyon university '20","protected":false,"verified":false,"followers_count":524,"friends_count":657,"listed_count":1,"favourites_count":9839,"statuses_count":12900,"created_at":"Sat Jun 01 21:22:27 +0000 2013","utc_offset":null,"time_zone":null,"geo_enabled":true,"lang":"en","contributors_enabled":false,"is_translator":false,"profile_background_color":"C0DEED","profile_background_image_url":"http:\/\/abs.twimg.com\/images\/themes\/theme1\/bg.png","profile_background_image_url_https":"https:\/\/abs.twimg.com\/images\/themes\/theme1\/bg.png","profile_background_tile":false,"profile_link_color":"1DA1F2","profile_sidebar_border_color":"C0DEED","profile_sidebar_fill_color":"DDEEF6","profile_text_color":"333333","profile_use_background_image":true,"profile_image_url":"http:\/\/pbs.twimg.com\/profile_images\/846538624917110784\/JEsF-IbJ_normal.jpg","profile_image_url_https":"https:\/\/pbs.twimg.com\/profile_images\/846538624917110784\/JEsF-IbJ_normal.jpg","profile_banner_url":"https:\/\/pbs.twimg.com\/profile_banners\/1475718416\/1475160723","default_profile":true,"default_profile_image":false,"following":null,"follow_request_sent":null,"notifications":null},"geo":null,"coordinates":null,"place":null,"contributors":null,"quoted_status_id":859150264124686338,"quoted_status_id_str":"859150264124686338","quoted_status":{"created_at":"Mon May 01 20:59:19 +0000 2017","id":859150264124686338,"id_str":"859150264124686338","text":"California is such a pretty State. Even the traffic looks pretty at night\ud83d\ude0d https:\/\/t.co\/YsMLhPdIC7","display_text_range":[0,74],"source":"\u003ca href=\"http:\/\/twitter.com\/download\/iphone\" rel=\"nofollow\"\u003eTwitter for iPhone\u003c\/a\u003e","truncated":false,"in_reply_to_status_id":null,"in_reply_to_status_id_str":null,"in_reply_to_user_id":null,"in_reply_to_user_id_str":null,"in_reply_to_screen_name":null,"user":{"id":1135464354,"id_str":"1135464354","name":"California Humor","screen_name":"OWCalifornia","location":"California","url":null,"description":"Turn on Notifications-ObsessedWithCalifornia #CaliforniaHumor","protected":false,"verified":false,"followers_count":39247,"friends_count":33004,"listed_count":68,"favourites_count":164538,"statuses_count":3788,"created_at":"Wed Jan 30 23:26:40 +0000 2013","utc_offset":-25200,"time_zone":"Pacific Time (US & Canada)","geo_enabled":true,"lang":"en","contributors_enabled":false,"is_translator":false,"profile_background_color":"022330","profile_background_image_url":"http:\/\/abs.twimg.com\/images\/themes\/theme15\/bg.png","profile_background_image_url_https":"https:\/\/abs.twimg.com\/images\/themes\/theme15\/bg.png","profile_background_tile":false,"profile_link_color":"0084B4","profile_sidebar_border_color":"A8C7F7","profile_sidebar_fill_color":"C0DFEC","profile_text_color":"333333","profile_use_background_image":true,"profile_image_url":"http:\/\/pbs.twimg.com\/profile_images\/378800000582828191\/2f03f76abdac51946134a41170e17887_normal.jpeg","profile_image_url_https":"https:\/\/pbs.twimg.com\/profile_images\/378800000582828191\/2f03f76abdac51946134a41170e17887_normal.jpeg","profile_banner_url":"https:\/\/pbs.twimg.com\/profile_banners\/1135464354\/1452742264","default_profile":false,"default_profile_image":false,"following":null,"follow_request_sent":null,"notifications":null},"geo":null,"coordinates":null,"place":null,"contributors":null,"is_quote_status":false,"retweet_count":130,"favorite_count":341,"entities":{"hashtags":[],"urls":[],"user_mentions":[],"symbols":[],"media":[{"id":859150244524830722,"id_str":"859150244524830722","indices":[75,98],"media_url":"http:\/\/pbs.twimg.com\/media\/C-xQmG2XsAIKEnC.jpg","media_url_https":"https:\/\/pbs.twimg.com\/media\/C-xQmG2XsAIKEnC.jpg","url":"https:\/\/t.co\/YsMLhPdIC7","display_url":"pic.twitter.com\/YsMLhPdIC7","expanded_url":"https:\/\/twitter.com\/OWCalifornia\/status\/859150264124686338\/photo\/1","type":"photo","sizes":{"large":{"w":2048,"h":1140,"resize":"fit"},"medium":{"w":1200,"h":668,"resize":"fit"},"thumb":{"w":150,"h":150,"resize":"crop"},"small":{"w":680,"h":379,"resize":"fit"}}}]},"extended_entities":{"media":[{"id":859150244524830722,"id_str":"859150244524830722","indices":[75,98],"media_url":"http:\/\/pbs.twimg.com\/media\/C-xQmG2XsAIKEnC.jpg","media_url_https":"https:\/\/pbs.twimg.com\/media\/C-xQmG2XsAIKEnC.jpg","url":"https:\/\/t.co\/YsMLhPdIC7","display_url":"pic.twitter.com\/YsMLhPdIC7","expanded_url":"https:\/\/twitter.com\/OWCalifornia\/status\/859150264124686338\/photo\/1","type":"photo","sizes":{"large":{"w":2048,"h":1140,"resize":"fit"},"medium":{"w":1200,"h":668,"resize":"fit"},"thumb":{"w":150,"h":150,"resize":"crop"},"small":{"w":680,"h":379,"resize":"fit"}}},{"id":859150244470296576,"id_str":"859150244470296576","indices":[75,98],"media_url":"http:\/\/pbs.twimg.com\/media\/C-xQmGpXkAAiIir.jpg","media_url_https":"https:\/\/pbs.twimg.com\/media\/C-xQmGpXkAAiIir.jpg","url":"https:\/\/t.co\/YsMLhPdIC7","display_url":"pic.twitter.com\/YsMLhPdIC7","expanded_url":"https:\/\/twitter.com\/OWCalifornia\/status\/859150264124686338\/photo\/1","type":"photo","sizes":{"large":{"w":2048,"h":1120,"resize":"fit"},"medium":{"w":1200,"h":656,"resize":"fit"},"small":{"w":680,"h":372,"resize":"fit"},"thumb":{"w":150,"h":150,"resize":"crop"}}},{"id":859150244457705472,"id_str":"859150244457705472","indices":[75,98],"media_url":"http:\/\/pbs.twimg.com\/media\/C-xQmGmXcAAbang.jpg","media_url_https":"https:\/\/pbs.twimg.com\/media\/C-xQmGmXcAAbang.jpg","url":"https:\/\/t.co\/YsMLhPdIC7","display_url":"pic.twitter.com\/YsMLhPdIC7","expanded_url":"https:\/\/twitter.com\/OWCalifornia\/status\/859150264124686338\/photo\/1","type":"photo","sizes":{"medium":{"w":1200,"h":675,"resize":"fit"},"small":{"w":680,"h":383,"resize":"fit"},"large":{"w":2048,"h":1152,"resize":"fit"},"thumb":{"w":150,"h":150,"resize":"crop"}}}]},"favorited":false,"retweeted":false,"possibly_sensitive":false,"filter_level":"low","lang":"en"},"is_quote_status":true,"retweet_count":0,"favorite_count":0,"entities":{"hashtags":[],"urls":[{"url":"https:\/\/t.co\/AXEDKK2Jds","expanded_url":"https:\/\/twitter.com\/owcalifornia\/status\/859150264124686338","display_url":"twitter.com\/owcalifornia\/s\u2026","indices":[40,63]}],"user_mentions":[{"screen_name":"MakenaCleland","name":"Makena\u264b\ufe0f","id":484290783,"id_str":"484290783","indices":[25,39]}],"symbols":[]},"favorited":false,"retweeted":false,"possibly_sensitive":false,"filter_level":"low","lang":"en","timestamp_ms":"1493701617831"}

{"created_at":"Tue May 02 05:06:57 +0000 2017","id":859272981511536640,"id_str":"859272981511536640","text":"SpaceX founder Elon Musk outlines tunnel plan to fix LA's 'soul-destroying' traffic https:\/\/t.co\/bqZcQiDRLo","source":"\u003ca href=\"https:\/\/ifttt.com\" rel=\"nofollow\"\u003eIFTTT\u003c\/a\u003e","truncated":false,"in_reply_to_status_id":null,"in_reply_to_status_id_str":null,"in_reply_to_user_id":null,"in_reply_to_user_id_str":null,"in_reply_to_screen_name":null,"user":{"id":23392365,"id_str":"23392365","name":"KrishDTech","screen_name":"krishdtech","location":"Global","url":"http:\/\/krishdtech.com","description":"Namaste. Geeking about Social and Socially on Geeky Tech stuff and getting a kick from participating in the evolution of the internet. Tesla & SpaceX fan.","protected":false,"verified":false,"followers_count":442,"friends_count":93,"listed_count":213,"favourites_count":61,"statuses_count":147498,"created_at":"Mon Mar 09 02:48:05 +0000 2009","utc_offset":-14400,"time_zone":"Eastern Time (US & Canada)","geo_enabled":false,"lang":"en","contributors_enabled":false,"is_translator":false,"profile_background_color":"000000","profile_background_image_url":"http:\/\/pbs.twimg.com\/profile_background_images\/511650464606072832\/l6cth7VQ.png","profile_background_image_url_https":"https:\/\/pbs.twimg.com\/profile_background_images\/511650464606072832\/l6cth7VQ.png","profile_background_tile":false,"profile_link_color":"000000","profile_sidebar_border_color":"FFFFFF","profile_sidebar_fill_color":"020812","profile_text_color":"5F8696","profile_use_background_image":false,"profile_image_url":"http:\/\/pbs.twimg.com\/profile_images\/550285711539466240\/wzZxTqOW_normal.jpeg","profile_image_url_https":"https:\/\/pbs.twimg.com\/profile_images\/550285711539466240\/wzZxTqOW_normal.jpeg","profile_banner_url":"https:\/\/pbs.twimg.com\/profile_banners\/23392365\/1417536002","default_profile":false,"default_profile_image":false,"following":null,"follow_request_sent":null,"notifications":null},"geo":null,"coordinates":null,"place":null,"contributors":null,"is_quote_status":false,"retweet_count":0,"favorite_count":0,"entities":{"hashtags":[],"urls":[{"url":"https:\/\/t.co\/bqZcQiDRLo","expanded_url":"http:\/\/ift.tt\/2p3pdLi","display_url":"ift.tt\/2p3pdLi","indices":[84,107]}],"user_mentions":[],"symbols":[]},"favorited":false,"retweeted":false,"possibly_sensitive":false,"filter_level":"low","lang":"en","timestamp_ms":"1493701617969"}

{"created_at":"Tue May 02 05:06:59 +0000 2017","id":859272988994056193,"id_str":"859272988994056193","text":"RT @StayYoungMedia: Suffering from #psoriasis - time to go #glutenfree.Latest research #medicalminute. @PreventionMag @dermatodayuk @NPF ht\u2026","source":"\u003ca href=\"http:\/\/twitter.com\" rel=\"nofollow\"\u003eTwitter Web Client\u003c\/a\u003e","truncated":false,"in_reply_to_status_id":null,"in_reply_to_status_id_str":null,"in_reply_to_user_id":null,"in_reply_to_user_id_str":null,"in_reply_to_screen_name":null,"user":{"id":2502739622,"id_str":"2502739622","name":"Nabeel","screen_name":"NNkidna","location":"Texas","url":"http:\/\/www.inhonorofband.com\/","description":"203 \u2022 Touring  \u2022 Drums \/\/  In Honor Of \u2022 Instagram: @nnkinda #slawcrew","protected":false,"verified":false,"followers_count":37,"friends_count":618,"listed_count":19,"favourites_count":1572,"statuses_count":1783,"created_at":"Sat May 17 23:03:09 +0000 2014","utc_offset":-25200,"time_zone":"Pacific Time (US & Canada)","geo_enabled":false,"lang":"en","contributors_enabled":false,"is_translator":false,"profile_background_color":"0099B9","profile_background_image_url":"http:\/\/abs.twimg.com\/images\/themes\/theme4\/bg.gif","profile_background_image_url_https":"https:\/\/abs.twimg.com\/images\/themes\/theme4\/bg.gif","profile_background_tile":false,"profile_link_color":"0099B9","profile_sidebar_border_color":"5ED4DC","profile_sidebar_fill_color":"95E8EC","profile_text_color":"3C3940","profile_use_background_image":true,"profile_image_url":"http:\/\/pbs.twimg.com\/profile_images\/705930863356153856\/nshZqNvS_normal.jpg","profile_image_url_https":"https:\/\/pbs.twimg.com\/profile_images\/705930863356153856\/nshZqNvS_normal.jpg","profile_banner_url":"https:\/\/pbs.twimg.com\/profile_banners\/2502739622\/1457142023","default_profile":false,"default_profile_image":false,"following":null,"follow_request_sent":null,"notifications":null},"geo":null,"coordinates":null,"place":null,"contributors":null,"retweeted_status":{"created_at":"Tue May 02 03:37:45 +0000 2017","id":859250532627755008,"id_str":"859250532627755008","text":"Suffering from #psoriasis - time to go #glutenfree.Latest research #medicalminute. @PreventionMag @dermatodayuk @NPF https:\/\/t.co\/EaArSkXOth","source":"\u003ca href=\"http:\/\/twitter.com\" rel=\"nofollow\"\u003eTwitter Web Client\u003c\/a\u003e","truncated":false,"in_reply_to_status_id":null,"in_reply_to_status_id_str":null,"in_reply_to_user_id":null,"in_reply_to_user_id_str":null,"in_reply_to_screen_name":null,"user":{"id":3270132552,"id_str":"3270132552","name":"Staying Young Show","screen_name":"StayYoungMedia","location":"Texas, USA","url":"http:\/\/www.stayyoungamerica.com","description":"Nationally syndicated - your source for the latest #health, #wellness, #medical, #nutrition, #fitness, #longevity, #HealthTips. by Executive Medicine of Texas","protected":false,"verified":false,"followers_count":56790,"friends_count":4988,"listed_count":598,"favourites_count":1821,"statuses_count":21362,"created_at":"Mon Jul 06 16:17:59 +0000 2015","utc_offset":-25200,"time_zone":"Pacific Time (US & Canada)","geo_enabled":true,"lang":"en","contributors_enabled":false,"is_translator":false,"profile_background_color":"000000","profile_background_image_url":"http:\/\/abs.twimg.com\/images\/themes\/theme1\/bg.png","profile_background_image_url_https":"https:\/\/abs.twimg.com\/images\/themes\/theme1\/bg.png","profile_background_tile":false,"profile_link_color":"3169AB","profile_sidebar_border_color":"000000","profile_sidebar_fill_color":"000000","profile_text_color":"000000","profile_use_background_image":true,"profile_image_url":"http:\/\/pbs.twimg.com\/profile_images\/618119359450320896\/g6FQ7V8T_normal.jpg","profile_image_url_https":"https:\/\/pbs.twimg.com\/profile_images\/618119359450320896\/g6FQ7V8T_normal.jpg","profile_banner_url":"https:\/\/pbs.twimg.com\/profile_banners\/3270132552\/1443803834","default_profile":false,"default_profile_image":false,"following":null,"follow_request_sent":null,"notifications":null},"geo":null,"coordinates":null,"place":null,"contributors":null,"is_quote_status":false,"retweet_count":49,"favorite_count":53,"entities":{"hashtags":[{"text":"psoriasis","indices":[15,25]},{"text":"glutenfree","indices":[39,50]},{"text":"medicalminute","indices":[67,81]}],"urls":[{"url":"https:\/\/t.co\/EaArSkXOth","expanded_url":"http:\/\/traffic.libsyn.com\/stayingyoung2\/577.mp3","display_url":"traffic.libsyn.com\/stayingyoung2\/\u2026","indices":[117,140]}],"user_mentions":[{"screen_name":"PreventionMag","name":"Prevention Magazine","id":25092348,"id_str":"25092348","indices":[83,97]},{"screen_name":"dermatodayuk","name":"Dermatology #TodayUK","id":821740056612339714,"id_str":"821740056612339714","indices":[98,111]},{"screen_name":"NPF","name":"Psoriasis Foundation","id":17053094,"id_str":"17053094","indices":[112,116]}],"symbols":[]},"favorited":false,"retweeted":false,"possibly_sensitive":false,"filter_level":"low","lang":"en"},"is_quote_status":false,"retweet_count":0,"favorite_count":0,"entities":{"hashtags":[{"text":"psoriasis","indices":[35,45]},{"text":"glutenfree","indices":[59,70]},{"text":"medicalminute","indices":[87,101]}],"urls":[],"user_mentions":[{"screen_name":"StayYoungMedia","name":"Staying Young Show","id":3270132552,"id_str":"3270132552","indices":[3,18]},{"screen_name":"PreventionMag","name":"Prevention Magazine","id":25092348,"id_str":"25092348","indices":[103,117]},{"screen_name":"dermatodayuk","name":"Dermatology #TodayUK","id":821740056612339714,"id_str":"821740056612339714","indices":[118,131]},{"screen_name":"NPF","name":"Psoriasis Foundation","id":17053094,"id_str":"17053094","indices":[132,136]}],"symbols":[]},"favorited":false,"retweeted":false,"filter_level":"low","lang":"en","timestamp_ms":"1493701619753"}

{"created_at":"Tue May 02 05:07:02 +0000 2017","id":859272999488200704,"id_str":"859272999488200704","text":"RT @jrichlive: \"Bay Area drivers now spend 70% more time stuck in traffic than they did in 2010.\" \ud83d\ude21 https:\/\/t.co\/pGabuY2Y5w","source":"\u003ca href=\"http:\/\/twitter.com\/download\/iphone\" rel=\"nofollow\"\u003eTwitter for iPhone\u003c\/a\u003e","truncated":false,"in_reply_to_status_id":null,"in_reply_to_status_id_str":null,"in_reply_to_user_id":null,"in_reply_to_user_id_str":null,"in_reply_to_screen_name":null,"user":{"id":101082170,"id_str":"101082170","name":"Shyam Sundararaman","screen_name":"shyamuw","location":"California ","url":"http:\/\/www.no-sacred-cows.com","description":"Engineer @intel . Tweet mostly about #packers, #cricket, #india, #tech and #vegetarian","protected":false,"verified":false,"followers_count":475,"friends_count":169,"listed_count":37,"favourites_count":93,"statuses_count":33318,"created_at":"Fri Jan 01 23:20:43 +0000 2010","utc_offset":-25200,"time_zone":"Pacific Time (US & Canada)","geo_enabled":true,"lang":"en","contributors_enabled":false,"is_translator":false,"profile_background_color":"C0DEED","profile_background_image_url":"http:\/\/abs.twimg.com\/images\/themes\/theme1\/bg.png","profile_background_image_url_https":"https:\/\/abs.twimg.com\/images\/themes\/theme1\/bg.png","profile_background_tile":false,"profile_link_color":"1DA1F2","profile_sidebar_border_color":"C0DEED","profile_sidebar_fill_color":"DDEEF6","profile_text_color":"333333","profile_use_background_image":true,"profile_image_url":"http:\/\/pbs.twimg.com\/profile_images\/855238643765596160\/y6Ba9NgH_normal.jpg","profile_image_url_https":"https:\/\/pbs.twimg.com\/profile_images\/855238643765596160\/y6Ba9NgH_normal.jpg","profile_banner_url":"https:\/\/pbs.twimg.com\/profile_banners\/101082170\/1493619219","default_profile":true,"default_profile_image":false,"following":null,"follow_request_sent":null,"notifications":null},"geo":null,"coordinates":null,"place":null,"contributors":null,"retweeted_status":{"created_at":"Tue May 02 04:26:33 +0000 2017","id":859262810471124992,"id_str":"859262810471124992","text":"\"Bay Area drivers now spend 70% more time stuck in traffic than they did in 2010.\" \ud83d\ude21 https:\/\/t.co\/pGabuY2Y5w","source":"\u003ca href=\"http:\/\/twitter.com\/#!\/download\/ipad\" rel=\"nofollow\"\u003eTwitter for iPad\u003c\/a\u003e","truncated":false,"in_reply_to_status_id":null,"in_reply_to_status_id_str":null,"in_reply_to_user_id":null,"in_reply_to_user_id_str":null,"in_reply_to_screen_name":null,"user":{"id":192784466,"id_str":"192784466","name":"Jeff Richards","screen_name":"jrichlive","location":"Bay Area, CA","url":"http:\/\/ggvc.com","description":"Managing Partner @GGVCapital, venture capital firm investing across US & China, 2X founder, praying for @Dartmouth hoops return to Final4","protected":false,"verified":false,"followers_count":5047,"friends_count":848,"listed_count":276,"favourites_count":7806,"statuses_count":6872,"created_at":"Mon Sep 20 03:58:31 +0000 2010","utc_offset":null,"time_zone":null,"geo_enabled":true,"lang":"en","contributors_enabled":false,"is_translator":false,"profile_background_color":"C0DEED","profile_background_image_url":"http:\/\/pbs.twimg.com\/profile_background_images\/214600966\/hawaii_314.JPG","profile_background_image_url_https":"https:\/\/pbs.twimg.com\/profile_background_images\/214600966\/hawaii_314.JPG","profile_background_tile":false,"profile_link_color":"0084B4","profile_sidebar_border_color":"C0DEED","profile_sidebar_fill_color":"DDEEF6","profile_text_color":"333333","profile_use_background_image":true,"profile_image_url":"http:\/\/pbs.twimg.com\/profile_images\/508367597696331776\/hU5PuCYQ_normal.jpeg","profile_image_url_https":"https:\/\/pbs.twimg.com\/profile_images\/508367597696331776\/hU5PuCYQ_normal.jpeg","profile_banner_url":"https:\/\/pbs.twimg.com\/profile_banners\/192784466\/1435316815","default_profile":false,"default_profile_image":false,"following":null,"follow_request_sent":null,"notifications":null},"geo":null,"coordinates":null,"place":null,"contributors":null,"is_quote_status":false,"retweet_count":4,"favorite_count":6,"entities":{"hashtags":[],"urls":[{"url":"https:\/\/t.co\/pGabuY2Y5w","expanded_url":"http:\/\/flip.it\/K6Pr1U","display_url":"flip.it\/K6Pr1U","indices":[85,108]}],"user_mentions":[],"symbols":[]},"favorited":false,"retweeted":false,"possibly_sensitive":false,"filter_level":"low","lang":"en"},"is_quote_status":false,"retweet_count":0,"favorite_count":0,"entities":{"hashtags":[],"urls":[{"url":"https:\/\/t.co\/pGabuY2Y5w","expanded_url":"http:\/\/flip.it\/K6Pr1U","display_url":"flip.it\/K6Pr1U","indices":[100,123]}],"user_mentions":[{"screen_name":"jrichlive","name":"Jeff Richards","id":192784466,"id_str":"192784466","indices":[3,13]}],"symbols":[]},"favorited":false,"retweeted":false,"possibly_sensitive":false,"filter_level":"low","lang":"en","timestamp_ms":"1493701622255"}

{"created_at":"Tue May 02 05:07:02 +0000 2017","id":859273002172563460,"id_str":"859273002172563460","text":"@VentureBeat Wish they'd create a new auto network to lessen road traffic \ud83d\udc40","display_text_range":[13,75],"source":"\u003ca href=\"http:\/\/twitter.com\/#!\/download\/ipad\" rel=\"nofollow\"\u003eTwitter for iPad\u003c\/a\u003e","truncated":false,"in_reply_to_status_id":859262357528354816,"in_reply_to_status_id_str":"859262357528354816","in_reply_to_user_id":60642052,"in_reply_to_user_id_str":"60642052","in_reply_to_screen_name":"VentureBeat","user":{"id":80983793,"id_str":"80983793","name":"Jenther Gabmar","screen_name":"FigVilleUSA","location":"FigVille USA","url":"http:\/\/figville.wordpress.com","description":"Figments of Our Imagination!","protected":false,"verified":false,"followers_count":968,"friends_count":2149,"listed_count":38,"favourites_count":16833,"statuses_count":11336,"created_at":"Fri Oct 09 00:29:55 +0000 2009","utc_offset":-39600,"time_zone":"International Date Line West","geo_enabled":true,"lang":"en","contributors_enabled":false,"is_translator":false,"profile_background_color":"EDECE9","profile_background_image_url":"http:\/\/pbs.twimg.com\/profile_background_images\/106570797\/Charity_Water_6.jpg","profile_background_image_url_https":"https:\/\/pbs.twimg.com\/profile_background_images\/106570797\/Charity_Water_6.jpg","profile_background_tile":false,"profile_link_color":"088253","profile_sidebar_border_color":"D3D2CF","profile_sidebar_fill_color":"E3E2DE","profile_text_color":"634047","profile_use_background_image":true,"profile_image_url":"http:\/\/pbs.twimg.com\/profile_images\/821004855\/Copy2_of_figville_home_page_graphic_normal.jpg","profile_image_url_https":"https:\/\/pbs.twimg.com\/profile_images\/821004855\/Copy2_of_figville_home_page_graphic_normal.jpg","profile_banner_url":"https:\/\/pbs.twimg.com\/profile_banners\/80983793\/1399059581","default_profile":false,"default_profile_image":false,"following":null,"follow_request_sent":null,"notifications":null},"geo":null,"coordinates":null,"place":null,"contributors":null,"is_quote_status":false,"retweet_count":0,"favorite_count":0,"entities":{"hashtags":[],"urls":[],"user_mentions":[{"screen_name":"VentureBeat","name":"VentureBeat","id":60642052,"id_str":"60642052","indices":[0,12]}],"symbols":[]},"favorited":false,"retweeted":false,"filter_level":"low","lang":"en","timestamp_ms":"1493701622895"}

{"created_at":"Tue May 02 05:07:02 +0000 2017","id":859273002277625856,"id_str":"859273002277625856","text":"@Yfm CRASH after the 14th Avenue exit - QUEUING TRAFFIC Major West N1 Northbound","source":"\u003ca href=\"http:\/\/yworld.co.za\/\" rel=\"nofollow\"\u003eYFM Traffic\u003c\/a\u003e","truncated":false,"in_reply_to_status_id":null,"in_reply_to_status_id_str":null,"in_reply_to_user_id":89282799,"in_reply_to_user_id_str":"89282799","in_reply_to_screen_name":"Yfm","user":{"id":29956711,"id_str":"29956711","name":"YFM Traffic","screen_name":"yfmtraffic","location":"Hyde Park, Gauteng","url":"http:\/\/www.yworld.co.za","description":"Brings you traffic updates in the Gauteng area as they happen. To send us traffic incidents e-mail: yfmtraffic@yfm.co.za","protected":false,"verified":false,"followers_count":14917,"friends_count":18,"listed_count":141,"favourites_count":2,"statuses_count":144744,"created_at":"Thu Apr 09 10:14:48 +0000 2009","utc_offset":7200,"time_zone":"Pretoria","geo_enabled":false,"lang":"en","contributors_enabled":false,"is_translator":false,"profile_background_color":"000000","profile_background_image_url":"http:\/\/pbs.twimg.com\/profile_background_images\/378800000178769633\/OMOvgaiY.jpeg","profile_background_image_url_https":"https:\/\/pbs.twimg.com\/profile_background_images\/378800000178769633\/OMOvgaiY.jpeg","profile_background_tile":false,"profile_link_color":"000000","profile_sidebar_border_color":"000000","profile_sidebar_fill_color":"FE010F","profile_text_color":"000000","profile_use_background_image":true,"profile_image_url":"http:\/\/pbs.twimg.com\/profile_images\/130295069\/yboxee_normal.png","profile_image_url_https":"https:\/\/pbs.twimg.com\/profile_images\/130295069\/yboxee_normal.png","profile_banner_url":"https:\/\/pbs.twimg.com\/profile_banners\/29956711\/1391161513","default_profile":false,"default_profile_image":false,"following":null,"follow_request_sent":null,"notifications":null},"geo":null,"coordinates":null,"place":null,"contributors":null,"is_quote_status":false,"retweet_count":0,"favorite_count":0,"entities":{"hashtags":[],"urls":[],"user_mentions":[{"screen_name":"Yfm","name":"#Yfm","id":89282799,"id_str":"89282799","indices":[0,4]}],"symbols":[]},"favorited":false,"retweeted":false,"filter_level":"low","lang":"en","timestamp_ms":"1493701622920"}

{"created_at":"Tue May 02 05:07:02 +0000 2017","id":859273002424320000,"id_str":"859273002424320000","text":"RT @Hor2no: Ain't nobody want to see how pretty it is. We just want to get home!!! https:\/\/t.co\/RhnhQpAUpu","source":"\u003ca href=\"http:\/\/twitter.com\/download\/iphone\" rel=\"nofollow\"\u003eTwitter for iPhone\u003c\/a\u003e","truncated":false,"in_reply_to_status_id":null,"in_reply_to_status_id_str":null,"in_reply_to_user_id":null,"in_reply_to_user_id_str":null,"in_reply_to_screen_name":null,"user":{"id":806239373238771712,"id_str":"806239373238771712","name":"Blanca :)","screen_name":"blanqquitaa","location":null,"url":null,"description":"G\u03c3\u2202| f\u03b1\u043c\u03b9\u2113\u03b9\u03b1| \u0432\u03b1\u0455\u043a\u0454\u0442\u0432\u03b1\u2113\u2113| \u2113c| \u03b1\u2113\u043d\u0455'18","protected":false,"verified":false,"followers_count":185,"friends_count":185,"listed_count":0,"favourites_count":602,"statuses_count":77,"created_at":"Tue Dec 06 20:50:20 +0000 2016","utc_offset":null,"time_zone":null,"geo_enabled":false,"lang":"en","contributors_enabled":false,"is_translator":false,"profile_background_color":"F5F8FA","profile_background_image_url":"","profile_background_image_url_https":"","profile_background_tile":false,"profile_link_color":"1DA1F2","profile_sidebar_border_color":"C0DEED","profile_sidebar_fill_color":"DDEEF6","profile_text_color":"333333","profile_use_background_image":true,"profile_image_url":"http:\/\/pbs.twimg.com\/profile_images\/811751830174609409\/F7Koy61N_normal.jpg","profile_image_url_https":"https:\/\/pbs.twimg.com\/profile_images\/811751830174609409\/F7Koy61N_normal.jpg","profile_banner_url":"https:\/\/pbs.twimg.com\/profile_banners\/806239373238771712\/1481072427","default_profile":true,"default_profile_image":false,"following":null,"follow_request_sent":null,"notifications":null},"geo":null,"coordinates":null,"place":null,"contributors":null,"retweeted_status":{"created_at":"Tue May 02 03:56:50 +0000 2017","id":859255332375339009,"id_str":"859255332375339009","text":"Ain't nobody want to see how pretty it is. We just want to get home!!! https:\/\/t.co\/RhnhQpAUpu","display_text_range":[0,70],"source":"\u003ca href=\"http:\/\/twitter.com\/download\/iphone\" rel=\"nofollow\"\u003eTwitter for iPhone\u003c\/a\u003e","truncated":false,"in_reply_to_status_id":null,"in_reply_to_status_id_str":null,"in_reply_to_user_id":null,"in_reply_to_user_id_str":null,"in_reply_to_screen_name":null,"user":{"id":579347799,"id_str":"579347799","name":"H","screen_name":"Hor2no","location":null,"url":null,"description":"\ud83c\udde7\ud83c\uddf4\ud83c\uddfa\ud83c\uddf8\ud83c\uddf2\ud83c\uddfd","protected":false,"verified":false,"followers_count":485,"friends_count":488,"listed_count":0,"favourites_count":3681,"statuses_count":13350,"created_at":"Sun May 13 20:35:40 +0000 2012","utc_offset":-25200,"time_zone":"Arizona","geo_enabled":true,"lang":"en","contributors_enabled":false,"is_translator":false,"profile_background_color":"C0DEED","profile_background_image_url":"http:\/\/pbs.twimg.com\/profile_background_images\/601488038\/9u33ae281f1htnjcyhp6.png","profile_background_image_url_https":"https:\/\/pbs.twimg.com\/profile_background_images\/601488038\/9u33ae281f1htnjcyhp6.png","profile_background_tile":true,"profile_link_color":"0084B4","profile_sidebar_border_color":"FFFFFF","profile_sidebar_fill_color":"DDEEF6","profile_text_color":"333333","profile_use_background_image":true,"profile_image_url":"http:\/\/pbs.twimg.com\/profile_images\/820633820152156160\/ueNsDGvw_normal.jpg","profile_image_url_https":"https:\/\/pbs.twimg.com\/profile_images\/820633820152156160\/ueNsDGvw_normal.jpg","profile_banner_url":"https:\/\/pbs.twimg.com\/profile_banners\/579347799\/1492231789","default_profile":false,"default_profile_image":false,"following":null,"follow_request_sent":null,"notifications":null},"geo":null,"coordinates":null,"place":null,"contributors":null,"quoted_status_id":859150264124686338,"quoted_status_id_str":"859150264124686338","quoted_status":{"created_at":"Mon May 01 20:59:19 +0000 2017","id":859150264124686338,"id_str":"859150264124686338","text":"California is such a pretty State. Even the traffic looks pretty at night\ud83d\ude0d https:\/\/t.co\/YsMLhPdIC7","display_text_range":[0,74],"source":"\u003ca href=\"http:\/\/twitter.com\/download\/iphone\" rel=\"nofollow\"\u003eTwitter for iPhone\u003c\/a\u003e","truncated":false,"in_reply_to_status_id":null,"in_reply_to_status_id_str":null,"in_reply_to_user_id":null,"in_reply_to_user_id_str":null,"in_reply_to_screen_name":null,"user":{"id":1135464354,"id_str":"1135464354","name":"California Humor","screen_name":"OWCalifornia","location":"California","url":null,"description":"Turn on Notifications-ObsessedWithCalifornia #CaliforniaHumor","protected":false,"verified":false,"followers_count":39247,"friends_count":33004,"listed_count":68,"favourites_count":164538,"statuses_count":3788,"created_at":"Wed Jan 30 23:26:40 +0000 2013","utc_offset":-25200,"time_zone":"Pacific Time (US & Canada)","geo_enabled":true,"lang":"en","contributors_enabled":false,"is_translator":false,"profile_background_color":"022330","profile_background_image_url":"http:\/\/abs.twimg.com\/images\/themes\/theme15\/bg.png","profile_background_image_url_https":"https:\/\/abs.twimg.com\/images\/themes\/theme15\/bg.png","profile_background_tile":false,"profile_link_color":"0084B4","profile_sidebar_border_color":"A8C7F7","profile_sidebar_fill_color":"C0DFEC","profile_text_color":"333333","profile_use_background_image":true,"profile_image_url":"http:\/\/pbs.twimg.com\/profile_images\/378800000582828191\/2f03f76abdac51946134a41170e17887_normal.jpeg","profile_image_url_https":"https:\/\/pbs.twimg.com\/profile_images\/378800000582828191\/2f03f76abdac51946134a41170e17887_normal.jpeg","profile_banner_url":"https:\/\/pbs.twimg.com\/profile_banners\/1135464354\/1452742264","default_profile":false,"default_profile_image":false,"following":null,"follow_request_sent":null,"notifications":null},"geo":null,"coordinates":null,"place":null,"contributors":null,"is_quote_status":false,"retweet_count":130,"favorite_count":341,"entities":{"hashtags":[],"urls":[],"user_mentions":[],"symbols":[],"media":[{"id":859150244524830722,"id_str":"859150244524830722","indices":[75,98],"media_url":"http:\/\/pbs.twimg.com\/media\/C-xQmG2XsAIKEnC.jpg","media_url_https":"https:\/\/pbs.twimg.com\/media\/C-xQmG2XsAIKEnC.jpg","url":"https:\/\/t.co\/YsMLhPdIC7","display_url":"pic.twitter.com\/YsMLhPdIC7","expanded_url":"https:\/\/twitter.com\/OWCalifornia\/status\/859150264124686338\/photo\/1","type":"photo","sizes":{"large":{"w":2048,"h":1140,"resize":"fit"},"medium":{"w":1200,"h":668,"resize":"fit"},"thumb":{"w":150,"h":150,"resize":"crop"},"small":{"w":680,"h":379,"resize":"fit"}}}]},"extended_entities":{"media":[{"id":859150244524830722,"id_str":"859150244524830722","indices":[75,98],"media_url":"http:\/\/pbs.twimg.com\/media\/C-xQmG2XsAIKEnC.jpg","media_url_https":"https:\/\/pbs.twimg.com\/media\/C-xQmG2XsAIKEnC.jpg","url":"https:\/\/t.co\/YsMLhPdIC7","display_url":"pic.twitter.com\/YsMLhPdIC7","expanded_url":"https:\/\/twitter.com\/OWCalifornia\/status\/859150264124686338\/photo\/1","type":"photo","sizes":{"large":{"w":2048,"h":1140,"resize":"fit"},"medium":{"w":1200,"h":668,"resize":"fit"},"thumb":{"w":150,"h":150,"resize":"crop"},"small":{"w":680,"h":379,"resize":"fit"}}},{"id":859150244470296576,"id_str":"859150244470296576","indices":[75,98],"media_url":"http:\/\/pbs.twimg.com\/media\/C-xQmGpXkAAiIir.jpg","media_url_https":"https:\/\/pbs.twimg.com\/media\/C-xQmGpXkAAiIir.jpg","url":"https:\/\/t.co\/YsMLhPdIC7","display_url":"pic.twitter.com\/YsMLhPdIC7","expanded_url":"https:\/\/twitter.com\/OWCalifornia\/status\/859150264124686338\/photo\/1","type":"photo","sizes":{"large":{"w":2048,"h":1120,"resize":"fit"},"medium":{"w":1200,"h":656,"resize":"fit"},"small":{"w":680,"h":372,"resize":"fit"},"thumb":{"w":150,"h":150,"resize":"crop"}}},{"id":859150244457705472,"id_str":"859150244457705472","indices":[75,98],"media_url":"http:\/\/pbs.twimg.com\/media\/C-xQmGmXcAAbang.jpg","media_url_https":"https:\/\/pbs.twimg.com\/media\/C-xQmGmXcAAbang.jpg","url":"https:\/\/t.co\/YsMLhPdIC7","display_url":"pic.twitter.com\/YsMLhPdIC7","expanded_url":"https:\/\/twitter.com\/OWCalifornia\/status\/859150264124686338\/photo\/1","type":"photo","sizes":{"medium":{"w":1200,"h":675,"resize":"fit"},"small":{"w":680,"h":383,"resize":"fit"},"large":{"w":2048,"h":1152,"resize":"fit"},"thumb":{"w":150,"h":150,"resize":"crop"}}}]},"favorited":false,"retweeted":false,"possibly_sensitive":false,"filter_level":"low","lang":"en"},"is_quote_status":true,"retweet_count":21,"favorite_count":40,"entities":{"hashtags":[],"urls":[{"url":"https:\/\/t.co\/RhnhQpAUpu","expanded_url":"https:\/\/twitter.com\/owcalifornia\/status\/859150264124686338","display_url":"twitter.com\/owcalifornia\/s\u2026","indices":[71,94]}],"user_mentions":[],"symbols":[]},"favorited":false,"retweeted":false,"possibly_sensitive":false,"filter_level":"low","lang":"en"},"quoted_status_id":859150264124686338,"quoted_status_id_str":"859150264124686338","quoted_status":{"created_at":"Mon May 01 20:59:19 +0000 2017","id":859150264124686338,"id_str":"859150264124686338","text":"California is such a pretty State. Even the traffic looks pretty at night\ud83d\ude0d https:\/\/t.co\/YsMLhPdIC7","display_text_range":[0,74],"source":"\u003ca href=\"http:\/\/twitter.com\/download\/iphone\" rel=\"nofollow\"\u003eTwitter for iPhone\u003c\/a\u003e","truncated":false,"in_reply_to_status_id":null,"in_reply_to_status_id_str":null,"in_reply_to_user_id":null,"in_reply_to_user_id_str":null,"in_reply_to_screen_name":null,"user":{"id":1135464354,"id_str":"1135464354","name":"California Humor","screen_name":"OWCalifornia","location":"California","url":null,"description":"Turn on Notifications-ObsessedWithCalifornia #CaliforniaHumor","protected":false,"verified":false,"followers_count":39247,"friends_count":33004,"listed_count":68,"favourites_count":164538,"statuses_count":3788,"created_at":"Wed Jan 30 23:26:40 +0000 2013","utc_offset":-25200,"time_zone":"Pacific Time (US & Canada)","geo_enabled":true,"lang":"en","contributors_enabled":false,"is_translator":false,"profile_background_color":"022330","profile_background_image_url":"http:\/\/abs.twimg.com\/images\/themes\/theme15\/bg.png","profile_background_image_url_https":"https:\/\/abs.twimg.com\/images\/themes\/theme15\/bg.png","profile_background_tile":false,"profile_link_color":"0084B4","profile_sidebar_border_color":"A8C7F7","profile_sidebar_fill_color":"C0DFEC","profile_text_color":"333333","profile_use_background_image":true,"profile_image_url":"http:\/\/pbs.twimg.com\/profile_images\/378800000582828191\/2f03f76abdac51946134a41170e17887_normal.jpeg","profile_image_url_https":"https:\/\/pbs.twimg.com\/profile_images\/378800000582828191\/2f03f76abdac51946134a41170e17887_normal.jpeg","profile_banner_url":"https:\/\/pbs.twimg.com\/profile_banners\/1135464354\/1452742264","default_profile":false,"default_profile_image":false,"following":null,"follow_request_sent":null,"notifications":null},"geo":null,"coordinates":null,"place":null,"contributors":null,"is_quote_status":false,"retweet_count":130,"favorite_count":341,"entities":{"hashtags":[],"urls":[],"user_mentions":[],"symbols":[],"media":[{"id":859150244524830722,"id_str":"859150244524830722","indices":[75,98],"media_url":"http:\/\/pbs.twimg.com\/media\/C-xQmG2XsAIKEnC.jpg","media_url_https":"https:\/\/pbs.twimg.com\/media\/C-xQmG2XsAIKEnC.jpg","url":"https:\/\/t.co\/YsMLhPdIC7","display_url":"pic.twitter.com\/YsMLhPdIC7","expanded_url":"https:\/\/twitter.com\/OWCalifornia\/status\/859150264124686338\/photo\/1","type":"photo","sizes":{"large":{"w":2048,"h":1140,"resize":"fit"},"medium":{"w":1200,"h":668,"resize":"fit"},"thumb":{"w":150,"h":150,"resize":"crop"},"small":{"w":680,"h":379,"resize":"fit"}}}]},"extended_entities":{"media":[{"id":859150244524830722,"id_str":"859150244524830722","indices":[75,98],"media_url":"http:\/\/pbs.twimg.com\/media\/C-xQmG2XsAIKEnC.jpg","media_url_https":"https:\/\/pbs.twimg.com\/media\/C-xQmG2XsAIKEnC.jpg","url":"https:\/\/t.co\/YsMLhPdIC7","display_url":"pic.twitter.com\/YsMLhPdIC7","expanded_url":"https:\/\/twitter.com\/OWCalifornia\/status\/859150264124686338\/photo\/1","type":"photo","sizes":{"large":{"w":2048,"h":1140,"resize":"fit"},"medium":{"w":1200,"h":668,"resize":"fit"},"thumb":{"w":150,"h":150,"resize":"crop"},"small":{"w":680,"h":379,"resize":"fit"}}},{"id":859150244470296576,"id_str":"859150244470296576","indices":[75,98],"media_url":"http:\/\/pbs.twimg.com\/media\/C-xQmGpXkAAiIir.jpg","media_url_https":"https:\/\/pbs.twimg.com\/media\/C-xQmGpXkAAiIir.jpg","url":"https:\/\/t.co\/YsMLhPdIC7","display_url":"pic.twitter.com\/YsMLhPdIC7","expanded_url":"https:\/\/twitter.com\/OWCalifornia\/status\/859150264124686338\/photo\/1","type":"photo","sizes":{"large":{"w":2048,"h":1120,"resize":"fit"},"medium":{"w":1200,"h":656,"resize":"fit"},"small":{"w":680,"h":372,"resize":"fit"},"thumb":{"w":150,"h":150,"resize":"crop"}}},{"id":859150244457705472,"id_str":"859150244457705472","indices":[75,98],"media_url":"http:\/\/pbs.twimg.com\/media\/C-xQmGmXcAAbang.jpg","media_url_https":"https:\/\/pbs.twimg.com\/media\/C-xQmGmXcAAbang.jpg","url":"https:\/\/t.co\/YsMLhPdIC7","display_url":"pic.twitter.com\/YsMLhPdIC7","expanded_url":"https:\/\/twitter.com\/OWCalifornia\/status\/859150264124686338\/photo\/1","type":"photo","sizes":{"medium":{"w":1200,"h":675,"resize":"fit"},"small":{"w":680,"h":383,"resize":"fit"},"large":{"w":2048,"h":1152,"resize":"fit"},"thumb":{"w":150,"h":150,"resize":"crop"}}}]},"favorited":false,"retweeted":false,"possibly_sensitive":false,"filter_level":"low","lang":"en"},"is_quote_status":true,"retweet_count":0,"favorite_count":0,"entities":{"hashtags":[],"urls":[{"url":"https:\/\/t.co\/RhnhQpAUpu","expanded_url":"https:\/\/twitter.com\/owcalifornia\/status\/859150264124686338","display_url":"twitter.com\/owcalifornia\/s\u2026","indices":[83,106]}],"user_mentions":[{"screen_name":"Hor2no","name":"H","id":579347799,"id_str":"579347799","indices":[3,10]}],"symbols":[]},"favorited":false,"retweeted":false,"possibly_sensitive":false,"filter_level":"low","lang":"en","timestamp_ms":"1493701622955"}

